{"cameraMode":{"drawMode":0,"name":"Shaded","section":"Shading Mode"},"sceneLighting":false,"audioPlay":false,"sceneViewState":{"m_AlwaysRefresh":false,"showFog":true,"showSkybox":false,"showFlares":true,"showImageEffects":true,"showParticleSystems":true,"showVisualEffectGraphs":true,"m_FxEnabled":true},"in2DMode":false,"pivot":{"x":670.0095825195313,"y":1.107643485069275,"z":48.644447326660159},"rotation":{"x":-0.00011317474127281457,"y":0.9996520280838013,"z":0.02877925895154476,"w":0.002229061210528016},"size":2.7417569160461427,"orthographic":false}