{"cameraMode":{"drawMode":0,"name":"Shaded","section":"Shading Mode"},"sceneLighting":true,"audioPlay":false,"sceneViewState":{"m_AlwaysRefresh":false,"showFog":true,"showSkybox":true,"showFlares":true,"showImageEffects":true,"showParticleSystems":true,"showVisualEffectGraphs":true,"m_FxEnabled":false},"in2DMode":false,"pivot":{"x":235.6673126220703,"y":3.2309329509735109,"z":246.69772338867188},"rotation":{"x":-0.32970044016838076,"y":-0.3486306667327881,"z":0.13265235722064973,"w":-0.8673220872879028},"size":225.01773071289063,"orthographic":false}